From_1,From_2,From_3,From_4,Base symbol,Base unit,Conversion,Type,Dimension,VALID,
,,,,blank,blank,0.0000000000000000E+00,blank,blank,TRUE,
ct,,,carat_metric,kg,kilogram,2.0000000000000000E-04,mass,M,TRUE,
gr,,,grain,kg,kilogram,6.4798910000000000E-05,mass,M,TRUE,
ozm,,,ounce_mass_(avoirdupois),kg,kilogram,2.8349523125000000E-02,mass,M,TRUE,
lbm,,,pound_mass_(avoirdupois),kg,kilogram,4.5359237000000000E-01,mass,M,TRUE,
cwt,,,hundredweight_(short),kg,kilogram,4.5359237000000000E+01,mass,M,TRUE,
cwt_l,,,hundredweight_(long),kg,kilogram,5.0802345440000000E+01,mass,M,TRUE,
tonm,,,ton_(short),kg,kilogram,9.0718474000000000E+02,mass,M,TRUE,
ton_l,,,ton_(long),kg,kilogram,1.0160469088000000E+03,mass,M,TRUE,
AT,,,ton_(assay),kg,kilogram,2.9166666666666700E-02,mass,M,TRUE,
ton_met,,,ton_(metric),kg,kilogram,1.0000000000000000E+03,mass,M,TRUE,
dwt,,,pennyweight,kg,kilogram,1.5551738400000000E-03,mass,M,TRUE,
ozm_t,,,ounce_(troy_or_apothecary),kg,kilogram,3.1103476800000000E-02,mass,M,TRUE,
lbm_t,,,pound_mass_(troy_or_apothecary),kg,kilogram,3.7324172160000000E-01,mass,M,TRUE,
slug,,,slug,kg,kilogram,1.4593903000000000E+01,mass,M,TRUE,
Yg,,,yottagram,kg,kilogram,1.0000000000000000E+21,mass,M,TRUE,
Zg,,,zettagram,kg,kilogram,1.0000000000000000E+18,mass,M,TRUE,
Eg,,,exagram,kg,kilogram,1.0000000000000000E+15,mass,M,TRUE,
Pg,,,petagram,kg,kilogram,1.0000000000000000E+12,mass,M,TRUE,
Tg,,,teragram,kg,kilogram,1.0000000000000000E+09,mass,M,TRUE,
Gg,,,gigagram,kg,kilogram,1.0000000000000000E+06,mass,M,TRUE,
Mg,,,megagram,kg,kilogram,1.0000000000000000E+03,mass,M,TRUE,
kg,,,kilogram,kg,kilogram,1.0000000000000000E+00,mass,M,TRUE,
hg,,,hectogram,kg,kilogram,1.0000000000000000E-01,mass,M,TRUE,
dag,,,decagram,kg,kilogram,1.0000000000000000E-02,mass,M,TRUE,
g,,,gram,kg,kilogram,1.0000000000000000E-03,mass,M,TRUE,
dg,,,decigram,kg,kilogram,1.0000000000000000E-04,mass,M,TRUE,
cg,,,centigram,kg,kilogram,1.0000000000000000E-06,mass,M,TRUE,
mg,,,milligram,kg,kilogram,1.0000000000000000E-06,mass,M,TRUE,
ug,,,microgram,kg,kilogram,1.0000000000000000E-09,mass,M,TRUE,
ng,,,nanogram,kg,kilogram,1.0000000000000000E-12,mass,M,TRUE,
pg,,,picogram,kg,kilogram,1.0000000000000000E-15,mass,M,TRUE,
fg,,,femtogram,kg,kilogram,1.0000000000000000E-18,mass,M,TRUE,
ag,,,attogram,kg,kilogram,1.0000000000000000E-21,mass,M,TRUE,
zg,,,zeptogram,kg,kilogram,1.0000000000000000E-24,mass,M,TRUE,
yg,,,yoctogram,kg,kilogram,1.0000000000000000E-27,mass,M,TRUE,
shake,,,shake,s,second,1.0000000000000000E-08,time,t,TRUE,
jiffy,,,jiffy,s,second,1.6666666666666700E-02,time,t,TRUE,
s,sec,,second,s,second,1.0000000000000000E+00,time,t,TRUE,
min,,,minute,s,second,6.0000000000000000E+01,time,t,TRUE,
h,hr,,hour,s,second,3.6000000000000000E+03,time,t,TRUE,
d,,,day,s,second,8.6400000000000000E+04,time,t,TRUE,
wk,,,week,s,second,6.0480000000000000E+05,time,t,TRUE,
fortnight,,,fortnight,s,second,1.2096000000000000E+06,time,t,TRUE,
yr,y,,year,s,second,3.1536000000000000E+07,time,t,TRUE,
s_sid,,,second_(sidereal),s,second,9.9726960000000000E-01,time,t,FALSE,
min_sid,,,minute_(sidereal),s,second,5.9836176000000000E+01,time,t,TRUE,
h_sid,,,hour_(sidereal),s,second,3.5901705600000000E+03,time,t,TRUE,
d_sid,,,day_(sidereal),s,second,8.6164093440000000E+04,time,t,TRUE,
yr_sid,y_sid,,year_(sidereal),s,second,1.3104122544000000E+06,time,t,TRUE,
yr_trop,y_trop,,year_(tropical),s,second,3.1556930000000000E+07,time,t,FALSE,
shake2,shake^2,,square_shake,s2,square second,1.0000000000000000E-16,square time,t^2,TRUE,
jiffy2,jiffy^2,,square_jiffy,s2,square second,2.7777777777777800E-04,square time,t^2,TRUE,
s2,s^2,,square_second,s2,square second,1.0000000000000000E+00,square time,t^2,TRUE,
min2,min^2,,square_minute,s2,square second,3.6000000000000000E+03,square time,t^2,TRUE,
h2,h^2,,square_hour,s2,square second,1.2960000000000000E+07,square time,t^2,TRUE,
d2,d^2,,square_day,s2,square second,7.4649600000000000E+09,square time,t^2,TRUE,
wk2,wk^2,,square_week,s2,square second,3.6578304000000000E+11,square time,t^2,TRUE,
fortnight2,fortnight^2,,square_fortnight,s2,square second,1.4631321600000000E+12,square time,t^2,TRUE,
yr2,yr^2,,square_year,s2,square second,9.9451929600000000E+14,square time,t^2,TRUE,
s_sid2,s_sid^2,,square_second_(sidereal),s2,square second,9.9454665508416000E-01,square time,t^2,TRUE,
min_sid2,min_sid^2,,square_minute_(sidereal),s2,square second,3.5803679583029800E+03,square time,t^2,TRUE,
h_sid2,h_sid^2,,square_hour_(sidereal),s2,square second,1.2889324649890700E+07,square time,t^2,TRUE,
d_sid2,d_sid^2,,square_day_(sidereal),s2,square second,7.4242509983370500E+09,square time,t^2,TRUE,
yr_sid2,yr_sid^2,,square_year_(sidereal),s2,square second,1.7171802764816900E+12,square time,t^2,TRUE,
yr_trop2,yr_trop^2,,square_year_(tropical),s2,square second,9.9583983102490000E+14,square time,t^2,TRUE,
shake3,shake^3,,cubic_shake,s3,cubic second,1.0000000000000000E-24,cubic time,t^3,TRUE,
jiffy3,jiffy^3,,cubic_jiffy,s3,cubic second,4.6296296296296300E-06,cubic time,t^3,TRUE,
s3,s^3,,cubic_second,s3,cubic second,1.0000000000000000E+00,cubic time,t^3,TRUE,
min3,min^3,,cubic_minute,s3,cubic second,2.1600000000000000E+05,cubic time,t^3,TRUE,
h3,h^3,,cubic_hour,s3,cubic second,4.6656000000000000E+10,cubic time,t^3,TRUE,
d3,d^3,,cubic_day,s3,cubic second,6.4497254400000000E+14,cubic time,t^3,TRUE,
wk3,wk^3,,cubic_week,s3,cubic second,2.2122558259200000E+17,cubic time,t^3,TRUE,
fortnight3,fortnight^3,,cubic_fortnight,s3,cubic second,1.7698046607360000E+18,cubic time,t^3,TRUE,
yr3,yr^3,,cubic_year,s3,cubic second,3.1363160518656000E+22,cubic time,t^3,TRUE,
s_sid3,s_sid^3,,cubic_second_(sidereal),s3,cubic second,9.9183114489711800E-01,cubic time,t^3,TRUE,
min_sid3,min_sid^3,,cubic_minute_(sidereal),s3,cubic second,2.1423552729777800E+05,cubic time,t^3,TRUE,
h_sid3,h_sid^3,,cubic_hour_(sidereal),s3,cubic second,4.6274873896319900E+10,cubic time,t^3,TRUE,
d_sid3,d_sid^3,,cubic_day_(sidereal),s3,cubic second,6.3970385674272700E+14,cubic time,t^3,TRUE,
yr_sid3,yr_sid^3,,cubic_year_(sidereal),s3,cubic second,2.2502140773155900E+18,cubic time,t^3,TRUE,
yr_trop3,yr_trop^3,,cubic_year_(tropical),s3,cubic second,3.1425647838864600E+22,cubic time,t^3,TRUE,
deg,,,degree,arcrad,radian,1.7453292519943300E-02,angle,a,TRUE,
gon,grade,,gon_(grade),arcrad,radian,1.5707963267949000E-02,angle,a,TRUE,
arcmil,,,mil_of_arc,arcrad,radian,9.8174770424681000E-04,angle,a,TRUE,
arcsec,,,second_of_arc,arcrad,radian,4.8481368110953600E-06,angle,a,TRUE,
arcmin,,,minute_of_arc,arcrad,radian,2.9088820866572200E-04,angle,a,TRUE,
arcrad,,,radian,arcrad,radian,1.0000000000000000E+00,angle,a,TRUE,
rev,r,,revolution,arcrad,radian,6.2831853071795900E+00,angle,a,TRUE,
K,,,kelvin,K,kelvin,1.0000000000000000E+00,temperature,T,TRUE,
C,,,celsius,K,kelvin,1.0000000000000000E+00,temperature,T,TRUE,
F,degF,¯F,fahrenheit,K,kelvin,5.5555555555555600E-01,temperature,T,TRUE,
R,degR,¯R,rankine,K,kelvin,5.5555555555555600E-01,temperature,T,TRUE,
uin,,,microinch,m,meter,2.5400000000000000E-08,length,L,TRUE,
mil,,,mil,m,meter,2.5400000000000000E-05,length,L,TRUE,
in,,,inch,m,meter,2.5400000000000000E-02,length,L,TRUE,
ft,,,foot,m,meter,3.0480000000000000E-01,length,L,TRUE,
yd,,,yard,m,meter,9.1440000000000000E-01,length,L,TRUE,
ftm,,,fathom,m,meter,1.8288000000000000E+00,length,L,TRUE,
rod,perch,pole,rod,m,meter,5.0292000000000000E+00,length,L,TRUE,
ch,,,chain,m,meter,2.0116800000000000E+01,length,L,TRUE,
fl,,,furlong,m,meter,2.0116800000000000E+02,length,L,TRUE,
mi,,,mile,m,meter,1.6093440000000000E+03,length,L,TRUE,
ft_uss,,,foot_(us_survey),m,meter,3.0480060000000000E-01,length,L,TRUE,
yd_uss,,,yard_(us_survey),m,meter,9.1440180000000000E-01,length,L,TRUE,
ftm_uss,,,fathom_(us_survey),m,meter,1.8288036000000000E+00,length,L,TRUE,
rod_uss,,,rod_(us_survey_foot),m,meter,5.0292099000000000E+00,length,L,TRUE,
ch_uss,,,chain_(us_survey),m,meter,2.0116839600000000E+01,length,L,TRUE,
fl_uss,,,furlong_(us_survey),m,meter,2.0116839600000000E+02,length,L,TRUE,
mi_uss,,,mile_(us_survey),m,meter,1.6093471680000000E+03,length,L,TRUE,
mi_naut,,,mile_(nautical),m,meter,1.8520000000000000E+03,length,L,TRUE,
AU,au,,astronomical_unit,m,meter,1.4959787070000000E+11,length,L,TRUE,
ly,,,light_year,m,meter,9.4607304725808000E+15,length,L,TRUE,
pc,,,parsec,m,meter,3.0856775814913700E+16,length,L,TRUE,
twip,,,twip_(printer),m,meter,1.7568333333333300E-05,length,L,TRUE,
point,,,point_(printer),m,meter,3.5136666666666700E-04,length,L,TRUE,
pica,,,pica_(printer),m,meter,4.2164000000000000E-03,length,L,TRUE,
point_cpu,,,point_(computer),m,meter,3.5277777777777800E-04,length,L,TRUE,
pica_cpu,,,pica_(computer),m,meter,4.2333333333333300E-03,length,L,TRUE,
point_fr,dd,,point_(french),m,meter,3.7600000000000000E-04,length,L,TRUE,
pica_fr,cicero,,pica_(french),m,meter,4.5120000000000000E-03,length,L,TRUE,
Ym,,,yottameter,m,meter,1.0000000000000000E+24,length,L,TRUE,
Zm,,,zettameter,m,meter,1.0000000000000000E+21,length,L,TRUE,
Em,,,exameter,m,meter,1.0000000000000000E+18,length,L,TRUE,
Pm,,,petameter,m,meter,1.0000000000000000E+15,length,L,TRUE,
Tm,,,terameter,m,meter,1.0000000000000000E+12,length,L,TRUE,
Gm,,,gigameter,m,meter,1.0000000000000000E+09,length,L,TRUE,
Mm,,,megameter,m,meter,1.0000000000000000E+06,length,L,TRUE,
km,,,kilometer,m,meter,1.0000000000000000E+03,length,L,TRUE,
hm,,,hectometer,m,meter,1.0000000000000000E+02,length,L,TRUE,
dam,,,decameter,m,meter,1.0000000000000000E+01,length,L,TRUE,
m,,,meter,m,meter,1.0000000000000000E+00,length,L,TRUE,
dm,,,decimeter,m,meter,1.0000000000000000E-01,length,L,TRUE,
cm,,,centimeter,m,meter,1.0000000000000000E-02,length,L,TRUE,
mm,,,millimeter,m,meter,1.0000000000000000E-03,length,L,TRUE,
um,micron,,micrometer,m,meter,1.0000000000000000E-06,length,L,TRUE,
nm,,,nanometer,m,meter,1.0000000000000000E-09,length,L,TRUE,
pm,fermi,,picometer,m,meter,1.0000000000000000E-12,length,L,TRUE,
fm,,,femtometer,m,meter,1.0000000000000000E-15,length,L,TRUE,
am,,,attometer,m,meter,1.0000000000000000E-18,length,L,TRUE,
zm,,,zeptometer,m,meter,1.0000000000000000E-21,length,L,TRUE,
ym,,,yoctometer,m,meter,1.0000000000000000E-24,length,L,TRUE,
è,,,Üngstrîm,m,meter,1.0000000000000000E-10,length,L,TRUE,
uin2,,,square_microinch,m2,square meter,6.4516000000000000E-16,area,L^2,TRUE,
mil2,,,square_mil,m2,square meter,6.4516000000000000E-10,area,L^2,TRUE,
in2,,,square_inch,m2,square meter,6.4516000000000000E-04,area,L^2,TRUE,
ft2,,,square_foot,m2,square meter,9.2903040000000000E-02,area,L^2,TRUE,
yd2,,,square_yard,m2,square meter,8.3612736000000000E-01,area,L^2,TRUE,
ftm2,,,square_fathom,m2,square meter,3.3445094400000000E+00,area,L^2,TRUE,
rod2,,,square_rod,m2,square meter,2.5292852640000000E+01,area,L^2,TRUE,
ch2,,,square_chain,m2,square meter,4.0468564224000000E+02,area,L^2,TRUE,
fl2,,,square_furlong,m2,square meter,4.0468564224000000E+04,area,L^2,TRUE,
mi2,,,square_mile,m2,square meter,2.5899881103360000E+06,area,L^2,TRUE,
ft_uss2,,,square_foot_(us_survey),m2,square meter,9.2903405760360000E-02,area,L^2,TRUE,
yd_uss2,,,square_yard_(us_survey),m2,square meter,8.3613065184324000E-01,area,L^2,TRUE,
ftm_uss2,,,square_fathom_(us_survey),m2,square meter,3.3445226073729600E+00,area,L^2,TRUE,
rod_uss2,,,square_rod_(us_survey_foot),m2,square meter,2.5292952218258000E+01,area,L^2,TRUE,
ch_uss2,,,square_chain_(us_survey),m2,square meter,4.0468723549212800E+02,area,L^2,TRUE,
fl_uss2,,,square_furlong_(us_survey),m2,square meter,4.0468723549212800E+04,area,L^2,TRUE,
mi_uss2,,,square_mile_(us_survey),m2,square meter,2.5899983071496200E+06,area,L^2,TRUE,
mi_naut2,,,square_mile_(nautical),m2,square meter,3.4299040000000000E+06,area,L^2,TRUE,
AU2,,,square_astronomical_unit,m2,square meter,2.2379522917973900E+22,area,L^2,TRUE,
ly2,,,square_light_year,m2,square meter,8.9505421074818900E+31,area,L^2,TRUE,
pc2,,,square_parsec,m2,square meter,9.5214061369184100E+32,area,L^2,TRUE,
twip2,,,square_twip_(printer),m2,square meter,3.0864633611111100E-10,area,L^2,TRUE,
point2,,,square_point_(printer),m2,square meter,1.2345853444444400E-07,area,L^2,TRUE,
pica2,,,square_pica_(printer),m2,square meter,1.7778028960000000E-05,area,L^2,TRUE,
point_cpu2,,,square_point_(computer),m2,square meter,1.2445216049382700E-07,area,L^2,TRUE,
pica_cpu2,,,square_pica_(computer),m2,square meter,1.7921111111111100E-05,area,L^2,TRUE,
point_fr2,,,square_point_(french),m2,square meter,1.4137600000000000E-07,area,L^2,TRUE,
pica_fr2,,,square_pica_(french),m2,square meter,2.0358144000000000E-05,area,L^2,TRUE,
Ym2,,,square_yottameter,m2,square meter,1.0000000000000000E+48,area,L^2,TRUE,
Zm2,,,square_zettameter,m2,square meter,1.0000000000000000E+42,area,L^2,TRUE,
Em2,,,square_exameter,m2,square meter,1.0000000000000000E+36,area,L^2,TRUE,
Pm2,,,square_petameter,m2,square meter,1.0000000000000000E+30,area,L^2,TRUE,
Tm2,,,square_terameter,m2,square meter,1.0000000000000000E+24,area,L^2,TRUE,
Gm2,,,square_gigameter,m2,square meter,1.0000000000000000E+18,area,L^2,TRUE,
Mm2,,,square_megameter,m2,square meter,1.0000000000000000E+12,area,L^2,TRUE,
km2,,,square_kilometer,m2,square meter,1.0000000000000000E+06,area,L^2,TRUE,
hm2,,,square_hectometer,m2,square meter,1.0000000000000000E+04,area,L^2,TRUE,
dam2,,,square_decameter,m2,square meter,1.0000000000000000E+02,area,L^2,TRUE,
m2,,,square_meter,m2,square meter,1.0000000000000000E+00,area,L^2,TRUE,
dm2,,,square_decimeter,m2,square meter,1.0000000000000000E-02,area,L^2,TRUE,
cm2,,,square_centimeter,m2,square meter,1.0000000000000000E-04,area,L^2,TRUE,
mm2,,,square_millimeter,m2,square meter,1.0000000000000000E-06,area,L^2,TRUE,
um2,,,square_micrometer,m2,square meter,1.0000000000000000E-12,area,L^2,TRUE,
nm2,,,square_nanometer,m2,square meter,1.0000000000000000E-18,area,L^2,TRUE,
pm2,,,square_picometer,m2,square meter,1.0000000000000000E-24,area,L^2,TRUE,
fm2,,,square_femtometer,m2,square meter,9.9999999999999900E-31,area,L^2,TRUE,
am2,,,square_attometer,m2,square meter,9.9999999999999900E-37,area,L^2,TRUE,
zm2,,,square_zeptometer,m2,square meter,9.9999999999999900E-43,area,L^2,TRUE,
ym2,,,square_yoctometer,m2,square meter,1.0000000000000000E-48,area,L^2,TRUE,
è2,,,square_Üngstrîm,m2,square meter,1.0000000000000000E-20,area,L^2,TRUE,
rood,,,rood_(international),m2,square meter,1.0117141056000000E+03,area,L^2,TRUE,
ac,,,acre_(international),m2,square meter,4.0468564224000000E+03,area,L^2,TRUE,
ac_uss,,,acre_(us_survey_foot),m2,square meter,4.0468726098742500E+03,area,L^2,FALSE,
ca,,,centare,m2,square meter,1.0000000000000000E+00,area,L^2,TRUE,
a,,,are,m2,square meter,1.0000000000000000E+02,area,L^2,TRUE,
ha,,,hectare,m2,square meter,1.0000000000000000E+04,area,L^2,TRUE,
b,,,barn,m2,square meter,1.0000000000000000E-28,area,L^2,TRUE,
cmil,,,circular_mil,m2,square meter,5.0670747909749800E-04,area,L^2,TRUE,
uin3,,,cubic_microinch,m3,cubic meter,1.6387064000000000E-23,volume,L^3,TRUE,
mil3,,,cubic_mil,m3,cubic meter,1.6387064000000000E-14,volume,L^3,TRUE,
in3,,,cubic_inch,m3,cubic meter,1.6387064000000000E-05,volume,L^3,TRUE,
ft3,,,cubic_foot,m3,cubic meter,2.8316846592000000E-02,volume,L^3,TRUE,
yd3,,,cubic_yard,m3,cubic meter,7.6455485798400000E-01,volume,L^3,TRUE,
ftm3,,,cubic_fathom,m3,cubic meter,6.1164388638720000E+00,volume,L^3,TRUE,
rod3,,,cubic_rod,m3,cubic meter,1.2720281449708800E+02,volume,L^3,TRUE,
ch3,,,cubic_chain,m3,cubic meter,8.1409801278136300E+03,volume,L^3,TRUE,
fl3,,,cubic_furlong,m3,cubic meter,8.1409801278136300E+06,volume,L^3,TRUE,
mi3,,,cubic_mile,m3,cubic meter,4.1681818254405800E+09,volume,L^3,TRUE,
ft_uss3,,,cubic_foot_(us_survey),m3,cubic meter,2.8317013817801200E-02,volume,L^3,TRUE,
yd_uss3,,,cubic_yard_(us_survey),m3,cubic meter,7.6455937308063200E-01,volume,L^3,TRUE,
ftm_uss3,,,cubic_fathom_(us_survey),m3,cubic meter,6.1164749846450500E+00,volume,L^3,TRUE,
rod_uss3,,,cubic_rod_(us_survey_foot),m3,cubic meter,1.2720356569629000E+02,volume,L^3,TRUE,
ch_uss3,,,cubic_chain_(us_survey),m3,cubic meter,8.1410282045625700E+03,volume,L^3,TRUE,
fl_uss3,,,cubic_furlong_(us_survey),m3,cubic meter,8.1410282045625700E+06,volume,L^3,TRUE,
mi_uss3,,,cubic_mile_(us_survey),m3,cubic meter,4.1682064407360300E+09,volume,L^3,TRUE,
mi_naut3,,,cubic_mile_(nautical),m3,cubic meter,6.3521822080000000E+09,volume,L^3,TRUE,
AU3,,,cubic_astronomical_unit,m3,cubic meter,3.3479289758107500E+33,volume,L^3,TRUE,
ly3,,,cubic_light_year,m3,cubic meter,8.4678666462371500E+47,volume,L^3,TRUE,
pc3,,,cubic_parsec,m3,cubic meter,2.9379989460963500E+49,volume,L^3,TRUE,
twip3,,,cubic_twip_(printer),m3,cubic meter,5.4224017149120400E-15,volume,L^3,TRUE,
point3,,,cubic_point_(printer),m3,cubic meter,4.3379213719296300E-11,volume,L^3,TRUE,
pica3,,,cubic_pica_(printer),m3,cubic meter,7.4959281306944000E-08,volume,L^3,TRUE,
point_cpu3,,,cubic_point_(computer),m3,cubic meter,4.3903956618655700E-11,volume,L^3,TRUE,
pica_cpu3,,,cubic_pica_(computer),m3,cubic meter,7.5866037037037100E-08,volume,L^3,TRUE,
point_fr3,,,cubic_point_(french),m3,cubic meter,5.3157376000000000E-11,volume,L^3,TRUE,
pica_fr3,,,cubic_pica_(french),m3,cubic meter,9.1855945728000000E-08,volume,L^3,TRUE,
Ym3,,,cubic_yottameter,m3,cubic meter,1.0000000000000000E+72,volume,L^3,TRUE,
Zm3,,,cubic_zettameter,m3,cubic meter,1.0000000000000000E+63,volume,L^3,TRUE,
Em3,,,cubic_exameter,m3,cubic meter,1.0000000000000000E+54,volume,L^3,TRUE,
Pm3,,,cubic_petameter,m3,cubic meter,1.0000000000000000E+45,volume,L^3,TRUE,
Tm3,,,cubic_terameter,m3,cubic meter,1.0000000000000000E+36,volume,L^3,TRUE,
Gm3,,,cubic_gigameter,m3,cubic meter,1.0000000000000000E+27,volume,L^3,TRUE,
Mm3,,,cubic_megameter,m3,cubic meter,1.0000000000000000E+18,volume,L^3,TRUE,
km3,,,cubic_kilometer,m3,cubic meter,1.0000000000000000E+09,volume,L^3,TRUE,
hm3,,,cubic_hectometer,m3,cubic meter,1.0000000000000000E+06,volume,L^3,TRUE,
dam3,,,cubic_decameter,m3,cubic meter,1.0000000000000000E+03,volume,L^3,TRUE,
m3,st,stere,cubic_meter,m3,cubic meter,1.0000000000000000E+00,volume,L^3,TRUE,
dm3,,,cubic_decimeter,m3,cubic meter,1.0000000000000000E-03,volume,L^3,TRUE,
cm3,,,cubic_centimeter,m3,cubic meter,1.0000000000000000E-06,volume,L^3,TRUE,
mm3,,,cubic_millimeter,m3,cubic meter,1.0000000000000000E-09,volume,L^3,TRUE,
um3,,,cubic_micrometer,m3,cubic meter,1.0000000000000000E-18,volume,L^3,TRUE,
nm3,,,cubic_nanometer,m3,cubic meter,1.0000000000000000E-27,volume,L^3,TRUE,
pm3,,,cubic_picometer,m3,cubic meter,9.9999999999999900E-37,volume,L^3,TRUE,
fm3,,,cubic_femtometer,m3,cubic meter,9.9999999999999900E-46,volume,L^3,TRUE,
am3,,,cubic_attometer,m3,cubic meter,9.9999999999999900E-55,volume,L^3,TRUE,
zm3,,,cubic_zeptometer,m3,cubic meter,9.9999999999999900E-64,volume,L^3,TRUE,
ym3,,,cubic_yoctometer,m3,cubic meter,9.9999999999999900E-73,volume,L^3,TRUE,
è3,,,cubic_Üngstrîm,m3,cubic meter,1.0000000000000000E-30,volume,L^3,TRUE,
ac ft,,,acre-foot,m3,cubic meter,1.2334818375475200E+03,volume,L^3,TRUE,
ac ft_uss,,,acre-foot_(us_survey_foot),m3,cubic meter,1.2334891996132400E+03,volume,L^3,TRUE,
dram,,,dram,m3,cubic meter,3.6966911953125000E-06,volume,L^3,TRUE,
tsp,,,teaspoon,m3,cubic meter,4.9289215937500000E-06,volume,L^3,TRUE,
tblsp,,,tablespoon,m3,cubic meter,1.4786764781250000E-05,volume,L^3,TRUE,
oz,,,fluid_ounce_(US),m3,cubic meter,2.9573529562500000E-05,volume,L^3,TRUE,
gi,,,gill_(US),m3,cubic meter,1.1829411825000000E-04,volume,L^3,TRUE,
cup,,,cup_(US),m3,cubic meter,2.3658823650000000E-04,volume,L^3,TRUE,
pt,,,pint_(US_liquid),m3,cubic meter,4.7317647300000000E-04,volume,L^3,TRUE,
qt,,,quart_(US_liquid),m3,cubic meter,9.4635294600000000E-04,volume,L^3,TRUE,
gal,,,gallon_(US_liquid),m3,cubic meter,3.7854117840000000E-03,volume,L^3,TRUE,
RT,GRT,ton_reg,register_ton,m3,cubic meter,2.8316846592000000E+00,volume,L^3,TRUE,
oz_uk,oz_can,oz_imp,fluid_ounce_(Canadian_and_UK_Imperial),m3,cubic meter,2.8413062500000000E-05,volume,L^3,TRUE,
gi_uk,gi_can,gi_imp,gill_(Canadian_and_UK_Imperial),m3,cubic meter,1.4206531250000000E-04,volume,L^3,TRUE,
pt_uk,pt_can,pt_imp,pint_(Canadian_and_UK_Imperial),m3,cubic meter,5.6826125000000000E-04,volume,L^3,TRUE,
qt_uk,qt_cam,qt_imp,quart_(Canadian_and_UK_Imperial),m3,cubic meter,1.1365225000000000E-03,volume,L^3,TRUE,
gal_uk,gal_can,gal_imp,gallon_(Canadian_and_UK_Imperial),m3,cubic meter,4.5460900000000000E-03,volume,L^3,TRUE,
gal_uk_wine,wine_gallon,,gallon_(UK_wine),m3,cubic meter,3.7854117840000000E-03,volume,L^3,TRUE,
rundlet,,,rundlet,m3,cubic meter,6.8137412112000000E-02,volume,L^3,TRUE,
barrel_uk_wine,,,barrel_(UK_wine),m3,cubic meter,1.1924047119600000E-01,volume,L^3,TRUE,
tierce,,,tierce,m3,cubic meter,1.5898729492800000E-01,volume,L^3,TRUE,
hogshead_wine,,,hogshead_(UK_wine),m3,cubic meter,2.3848094239200000E-01,volume,L^3,TRUE,
puncheon,tertian,,puncheon,m3,cubic meter,3.1797458985600000E-01,volume,L^3,TRUE,
pipe,butt,,pipe,m3,cubic meter,4.7696188478400000E-01,volume,L^3,TRUE,
tun,,,tun,m3,cubic meter,9.5392376956800000E-01,volume,L^3,TRUE,
gal_uk_ale,ale_gallon,,gallon_(UK_ale),m3,cubic meter,4.6211520480000000E-03,volume,L^3,TRUE,
firkin,,,firkin,m3,cubic meter,4.0914810000000000E-02,volume,L^3,TRUE,
kilderkin,,,kilderkin,m3,cubic meter,8.1829620000000000E-02,volume,L^3,TRUE,
barrel_uk_ale,,,barrel_(UK_ale),m3,cubic meter,1.6365924000000000E-01,volume,L^3,TRUE,
hogshead_ale,,,hogshead_(UK_ale),m3,cubic meter,2.4548886000000000E-01,volume,L^3,TRUE,
pt_dry,,,pint_(US_dry),m3,cubic meter,5.5061047135750000E-04,volume,L^3,TRUE,
qt_dry,,,quart_(US_dry),m3,cubic meter,1.1012209427150000E-03,volume,L^3,TRUE,
gal_dry,,,gallon_(US_dry),m3,cubic meter,4.4048837708600000E-03,volume,L^3,TRUE,
pk,peck,,peck_(US),m3,cubic meter,8.8097675417200000E-03,volume,L^3,TRUE,
bu,bushel,,bushel_(US),m3,cubic meter,3.5239070166880000E-02,volume,L^3,TRUE,
cord,,,cord,m3,cubic meter,3.6245563637760000E+00,volume,L^3,TRUE,
bbl,,,"barrel_(petroleum,_42_gallons_US)",m3,cubic meter,1.5898729492800000E-01,volume,L^3,TRUE,
YL,Yl,,yottaliter,m3,cubic meter,1.0000000000000000E+21,volume,L^3,FALSE,
ZL,Zl,,zettaliter,m3,cubic meter,1.0000000000000000E+15,volume,L^3,FALSE,
EL,El,,exaliter,m3,cubic meter,1.0000000000000000E+09,volume,L^3,FALSE,
PL,Pl,,petaliter,m3,cubic meter,1.0000000000000000E+03,volume,L^3,FALSE,
TL,Tl,,teraliter,m3,cubic meter,1.0000000000000000E-03,volume,L^3,FALSE,
GL,Gl,,gigaliter,m3,cubic meter,1.0000000000000000E-09,volume,L^3,FALSE,
ML,Ml,,megaliter,m3,cubic meter,1.0000000000000000E-15,volume,L^3,FALSE,
kL,kl,,kiloliter,m3,cubic meter,1.0000000000000000E-21,volume,L^3,FALSE,
hL,hl,,hectoliter,m3,cubic meter,1.0000000000000000E-01,volume,L^3,FALSE,
daL,dal,,decaliter,m3,cubic meter,1.0000000000000000E-02,volume,L^3,FALSE,
L,l,,liter,m3,cubic meter,1.0000000000000000E-03,volume,L^3,FALSE,
dL,dl,,deciliter,m3,cubic meter,1.0000000000000000E-04,volume,L^3,FALSE,
cL,cl,,centiliter,m3,cubic meter,1.0000000000000000E-05,volume,L^3,FALSE,
mL,ml,,milliliter,m3,cubic meter,1.0000000000000000E-06,volume,L^3,FALSE,
uL,ul,,microliter,m3,cubic meter,1.0000000000000000E-12,volume,L^3,FALSE,
nL,nl,,nanoliter,m3,cubic meter,1.0000000000000000E-18,volume,L^3,FALSE,
pL,pl,,picoliter,m3,cubic meter,1.0000000000000000E-24,volume,L^3,FALSE,
fL,fl,,femtoliter,m3,cubic meter,1.0000000000000000E-30,volume,L^3,FALSE,
aL,al,,attoliter,m3,cubic meter,1.0000000000000000E-36,volume,L^3,FALSE,
zL,zl,,zeptoliter,m3,cubic meter,1.0000000000000000E-42,volume,L^3,FALSE,
yL,yl,,yoctoliter,m3,cubic meter,1.0000000000000000E-48,volume,L^3,FALSE,
uin4,,,quartic_microinch,m4,quartic meter,4.1623142560000000E-31,second moment of area,L^4,TRUE,
mil4,,,quartic_mil,m4,quartic meter,4.1623142560000000E-19,second moment of area,L^4,TRUE,
in4,,,quartic_inch,m4,quartic meter,4.1623142560000000E-07,second moment of area,L^4,TRUE,
ft4,,,quartic_foot,m4,quartic meter,8.6309748412416000E-03,second moment of area,L^4,TRUE,
yd4,,,quartic_yard,m4,quartic meter,6.9910896214057000E-01,second moment of area,L^4,TRUE,
ftm4,,,quartic_fathom,m4,quartic meter,1.1185743394249100E+01,second moment of area,L^4,TRUE,
rod4,,,quartic_rod,m4,quartic meter,6.3972839466875500E+02,second moment of area,L^4,TRUE,
ch4,,,quartic_chain,m4,quartic meter,1.6377046903520100E+05,second moment of area,L^4,TRUE,
fl4,,,quartic_furlong,m4,quartic meter,1.6377046903520100E+09,second moment of area,L^4,TRUE,
mi4,,,quartic_mile,m4,quartic meter,6.7080384116818400E+12,second moment of area,L^4,TRUE,
ft_uss4,,,quartic_foot_(us_survey),m4,quartic meter,8.6310428018740900E-03,second moment of area,L^4,TRUE,
yd_uss4,,,quartic_yard_(us_survey),m4,quartic meter,6.9911446695180100E-01,second moment of area,L^4,TRUE,
ftm_uss4,,,quartic_fathom_(us_survey),m4,quartic meter,1.1185831471228800E+01,second moment of area,L^4,TRUE,
rod_uss4,,,quartic_rod_(us_survey_foot),m4,quartic meter,6.3973343191508300E+02,second moment of area,L^4,TRUE,
ch_uss4,,,quartic_chain_(us_survey),m4,quartic meter,1.6377175857026100E+05,second moment of area,L^4,TRUE,
fl_uss4,,,quartic_furlong_(us_survey),m4,quartic meter,1.6377175857026100E+09,second moment of area,L^4,TRUE,
mi_uss4,,,quartic_mile_(us_survey),m4,quartic meter,6.7080912310378900E+12,second moment of area,L^4,TRUE,
mi_naut4,,,quartic_mile_(nautical),m4,quartic meter,1.1764241449216000E+13,second moment of area,L^4,TRUE,
AU4,,,quartic_astronomical_unit,m4,quartic meter,5.0084304603612000E+44,second moment of area,L^4,TRUE,
ly4,,,quartic_light_year,m4,quartic meter,8.0112204017806400E+63,second moment of area,L^4,TRUE,
pc4,,,quartic_parsec,m4,quartic meter,9.0657174824147600E+65,second moment of area,L^4,TRUE,
twip4,,,quartic_twip_(printer),m4,quartic meter,9.5262560794813000E-20,second moment of area,L^4,TRUE,
point4,,,quartic_point_(printer),m4,quartic meter,1.5242009727170100E-14,second moment of area,L^4,TRUE,
pica4,,,quartic_pica_(printer),m4,quartic meter,3.1605831370259900E-10,second moment of area,L^4,TRUE,
point_cpu4,,,quartic_point_(computer),m4,quartic meter,1.5488340251581300E-14,second moment of area,L^4,TRUE,
pica_cpu4,,,quartic_pica_(computer),m4,quartic meter,3.2116622345679000E-10,second moment of area,L^4,TRUE,
point_fr4,,,quartic_point_(french),m4,quartic meter,1.9987173376000000E-14,second moment of area,L^4,TRUE,
pica_fr4,,,quartic_pica_(french),m4,quartic meter,4.1445402712473600E-10,second moment of area,L^4,TRUE,
Ym4,,,quartic_yottameter,m4,quartic meter,1.0000000000000000E+96,second moment of area,L^4,TRUE,
Zm4,,,quartic_zettameter,m4,quartic meter,1.0000000000000000E+84,second moment of area,L^4,TRUE,
Em4,,,quartic_exameter,m4,quartic meter,1.0000000000000000E+72,second moment of area,L^4,TRUE,
Pm4,,,quartic_petameter,m4,quartic meter,1.0000000000000000E+60,second moment of area,L^4,TRUE,
Tm4,,,quartic_terameter,m4,quartic meter,1.0000000000000000E+48,second moment of area,L^4,TRUE,
Gm4,,,quartic_gigameter,m4,quartic meter,1.0000000000000000E+36,second moment of area,L^4,TRUE,
Mm4,,,quartic_megameter,m4,quartic meter,1.0000000000000000E+24,second moment of area,L^4,TRUE,
km4,,,quartic_kilometer,m4,quartic meter,1.0000000000000000E+12,second moment of area,L^4,TRUE,
hm4,,,quartic_hectometer,m4,quartic meter,1.0000000000000000E+08,second moment of area,L^4,TRUE,
dam4,,,quartic_decameter,m4,quartic meter,1.0000000000000000E+04,second moment of area,L^4,TRUE,
m4,,,quartic_meter,m4,quartic meter,1.0000000000000000E+00,second moment of area,L^4,TRUE,
dm4,,,quartic_decimeter,m4,quartic meter,1.0000000000000000E-04,second moment of area,L^4,TRUE,
cm4,,,quartic_centimeter,m4,quartic meter,1.0000000000000000E-08,second moment of area,L^4,TRUE,
mm4,,,quartic_millimeter,m4,quartic meter,1.0000000000000000E-12,second moment of area,L^4,TRUE,
um4,,,quartic_micrometer,m4,quartic meter,1.0000000000000000E-24,second moment of area,L^4,TRUE,
nm4,,,quartic_nanometer,m4,quartic meter,9.9999999999999900E-37,second moment of area,L^4,TRUE,
pm4,,,quartic_picometer,m4,quartic meter,9.9999999999999900E-49,second moment of area,L^4,TRUE,
fm4,,,quartic_femtometer,m4,quartic meter,9.9999999999999900E-61,second moment of area,L^4,TRUE,
am4,,,quartic_attometer,m4,quartic meter,9.9999999999999900E-73,second moment of area,L^4,TRUE,
zm4,,,quartic_zeptometer,m4,quartic meter,9.9999999999999900E-85,second moment of area,L^4,TRUE,
ym4,,,quartic_yoctometer,m4,quartic meter,9.9999999999999900E-97,second moment of area,L^4,TRUE,
è4,,,quartic_Üngstrîm,m4,quartic meter,1.0000000000000000E-40,second moment of area,L^4,TRUE,
ips,,,inch_per_second,m/s,meter per second,2.5400000000000000E-02,velocity,L / t,TRUE,
ipm,,,inch_per_minute,m/s,meter per second,4.2333333333333300E-04,velocity,L / t,TRUE,
iph,,in/hr,inch_per_hour,m/s,meter per second,7.0555555555555600E-06,velocity,L / t,TRUE,
fps,,,foot_per_second,m/s,meter per second,3.0480000000000000E-01,velocity,L / t,TRUE,
fpm,,,foot_per_minute,m/s,meter per second,5.0800000000000000E-03,velocity,L / t,TRUE,
fph,,ft/hr,foot_per_hour,m/s,meter per second,8.4666666666666700E-05,velocity,L / t,TRUE,
mps,,,mile_per_second,m/s,meter per second,1.6093440000000000E+03,velocity,L / t,TRUE,
mpm,,,mile_per_minute,m/s,meter per second,2.6822400000000000E+01,velocity,L / t,TRUE,
mph,,,mile_per_hour,m/s,meter per second,4.4704000000000000E-01,velocity,L / t,TRUE,
kmh,,,kilometer_per_hour,m/s,meter per second,2.7777777777777800E-01,velocity,L / t,TRUE,
nmph,,,knot,m/s,meter per second,5.1444444444444400E-01,velocity,L / t,TRUE,
rpm,,,revolution_per_minute,arcrad/s,revolution per minute,1.0471975511966000E-01,angular velocity,a / t,TRUE,
gn,gc,,standard_gravity,m/s2,meter per second squared,9.8066500000000000E+00,acceleration,L/t^2,TRUE,
Gal,galileo,,gal,m/s2,meter per second squared,1.0000000000000000E-02,acceleration,L/t^2,TRUE,
ozf,oz,,ounce_force_(avoirdupois),N,newton,2.7801385095378100E-01,force,M L / t^2,TRUE,
lbf,lb,,pound_force_(avoirdupois),N,newton,4.4482216152605000E+00,force,M L / t^2,TRUE,
kip,klbf,,kilopound_force,N,newton,4.4482216152605000E+03,force,M L / t^2,TRUE,
tonf,ton,,ton_force,N,newton,8.8964432305210000E+03,force,M L / t^2,TRUE,
dyn,,,dyne,N,newton,1.0000000000000000E-05,force,M L / t^2,TRUE,
kgf,,,kilogram-force,N,newton,9.8066500000000000E+00,force,M L / t^2,TRUE,
kp,,,kilopond_(kilogram-force),N,newton,9.8066500000000000E+00,force,M L / t^2,TRUE,
pdl,,,poundal,N,newton,1.3825495437600000E-01,force,M L / t^2,TRUE,
YN,,,yottameter,m,meter,1.0000000000000000E+24,force,M L / t^2,FALSE,
ZN,,,zettameter,m,meter,1.0000000000000000E+21,force,M L / t^2,FALSE,
EN,,,exameter,m,meter,1.0000000000000000E+18,force,M L / t^2,FALSE,
PN,,,petameter,m,meter,1.0000000000000000E+15,force,M L / t^2,FALSE,
TN,,,terameter,m,meter,1.0000000000000000E+12,force,M L / t^2,FALSE,
GN,,,gigameter,m,meter,1.0000000000000000E+09,force,M L / t^2,FALSE,
MN,,,megameter,m,meter,1.0000000000000000E+06,force,M L / t^2,FALSE,
kN,,,kilometer,m,meter,1.0000000000000000E+03,force,M L / t^2,FALSE,
hN,,,hectometer,m,meter,1.0000000000000000E+02,force,M L / t^2,FALSE,
daN,,,decameter,m,meter,1.0000000000000000E+01,force,M L / t^2,FALSE,
N,,,meter,m,meter,1.0000000000000000E+00,force,M L / t^2,FALSE,
dN,,,decimeter,m,meter,1.0000000000000000E-01,force,M L / t^2,FALSE,
cN,,,centimeter,m,meter,1.0000000000000000E-02,force,M L / t^2,FALSE,
mN,,,millimeter,m,meter,1.0000000000000000E-03,force,M L / t^2,FALSE,
uN,micron,,micrometer,m,meter,1.0000000000000000E-06,force,M L / t^2,FALSE,
nN,,,nanometer,m,meter,1.0000000000000000E-09,force,M L / t^2,FALSE,
pN,fermi,,picometer,m,meter,1.0000000000000000E-12,force,M L / t^2,FALSE,
fN,,,femtometer,m,meter,1.0000000000000000E-15,force,M L / t^2,FALSE,
aN,,,attometer,m,meter,1.0000000000000000E-18,force,M L / t^2,FALSE,
zN,,,zeptometer,m,meter,1.0000000000000000E-21,force,M L / t^2,FALSE,
yN,,,yoctometer,m,meter,1.0000000000000000E-24,force,M L / t^2,FALSE,
atm,,,"atmosphere,_standard",Pa,pascal,1.0132500000000000E+05,pressure,M / L t^2,TRUE,
atm_t,,,"atmosphere,_technical",Pa,pascal,9.8066500000000000E+04,pressure,M / L t^2,TRUE,
in_Hg,,,inch_of_mercury_(32F),Pa,pascal,3.3863886403410000E+03,pressure,M / L t^2,TRUE,
ft_Hg,,,foot_of_mercury_(32F),Pa,pascal,4.0636663684092000E+04,pressure,M / L t^2,TRUE,
mm_Hg,,,millimeter_of_mercury_(32F),Pa,pascal,1.3332238741500000E+02,pressure,M / L t^2,TRUE,
cm_Hg,,,centimeter_of_mercury_(32F),Pa,pascal,1.3332238741500000E+03,pressure,M / L t^2,TRUE,
in_Hg_60,,,inch_of_mercury_(60F),Pa,pascal,3.3768500000000000E+03,pressure,M / L t^2,TRUE,
mm_H20,,,millimeters_of_water_(4C),Pa,pascal,9.8063800000000000E+00,pressure,M/L t^2,FALSE,
cm_H20,,,centimeter_of_water_(4C),Pa,pascal,9.8063800000000000E+01,pressure,M / L t^2,FALSE,
in_H20,,,inch_of_water_(4C),Pa,pascal,2.4908205200000000E+02,pressure,M / L t^2,FALSE,
ft_H20,,,feet_of_water_(4C),Pa,pascal,2.9889846240000000E+03,pressure,M / L t^2,FALSE,
cm_H20_c,,,"centimeter_of_water,_conventional",Pa,pascal,9.8066500000000000E+01,pressure,M / L t^2,TRUE,
in_H20_60,,,inch_of_water_(60F),Pa,pascal,2.4884000000000000E+02,pressure,M / L t^2,FALSE,
psi,,,pound-force_per_square_inch,Pa,pascal,6.8947572931683600E+03,pressure,M / L t^2,TRUE,
ksi,,,kip_per_square_inch,Pa,pascal,6.8947572931683600E+06,pressure,M / L t^2,TRUE,
psf,,,pound-force_per_square_foot,Pa,pascal,8.2737087518020300E+04,pressure,M / L t^2,TRUE,
mTorr,,,milli_torr,Pa,pascal,1.3332236842105300E-01,pressure,M / L t^2,TRUE,
Torr,,,torr,Pa,pascal,1.3332236842105300E+02,pressure,M / L t^2,TRUE,
Ybar,,,yottabar,Pa,pascal,1.0000000000000000E+29,pressure,M / L t^2,TRUE,
Zbar,,,zettabar,Pa,pascal,1.0000000000000000E+26,pressure,M / L t^2,TRUE,
Ebar,,,exabar,Pa,pascal,1.0000000000000000E+23,pressure,M / L t^2,TRUE,
Pbar,,,petabar,Pa,pascal,1.0000000000000000E+20,pressure,M / L t^2,TRUE,
Tbar,,,terabar,Pa,pascal,1.0000000000000000E+17,pressure,M / L t^2,TRUE,
Gbar,,,gigabar,Pa,pascal,1.0000000000000000E+14,pressure,M / L t^2,TRUE,
Mbar,,,megabar,Pa,pascal,1.0000000000000000E+11,pressure,M / L t^2,TRUE,
kbar,,,kilobar,Pa,pascal,1.0000000000000000E+08,pressure,M / L t^2,TRUE,
hbar,,,hectobar,Pa,pascal,1.0000000000000000E+07,pressure,M / L t^2,TRUE,
dabar,,,decabar,Pa,pascal,1.0000000000000000E+06,pressure,M / L t^2,TRUE,
bar,,,bar,Pa,pascal,1.0000000000000000E+05,pressure,M / L t^2,TRUE,
dbar,,,decibar,Pa,pascal,1.0000000000000000E+04,pressure,M / L t^2,TRUE,
cbar,,,centibar,Pa,pascal,1.0000000000000000E+03,pressure,M / L t^2,TRUE,
mbar,,,millibar,Pa,pascal,1.0000000000000000E+02,pressure,M / L t^2,TRUE,
ubar,,,microbar,Pa,pascal,1.0000000000000000E-01,pressure,M / L t^2,TRUE,
nbar,,,nanobar,Pa,pascal,1.0000000000000000E-04,pressure,M / L t^2,TRUE,
pbar,,,picobar,Pa,pascal,1.0000000000000000E-07,pressure,M / L t^2,TRUE,
fbar,,,femtobar,Pa,pascal,1.0000000000000000E-10,pressure,M / L t^2,TRUE,
abar,,,attobar,Pa,pascal,1.0000000000000000E-13,pressure,M / L t^2,TRUE,
zbar,,,zeptobar,Pa,pascal,1.0000000000000000E-16,pressure,M / L t^2,TRUE,
ybar,,,yoctobar,Pa,pascal,1.0000000000000000E-19,pressure,M / L t^2,TRUE,
YPa,,,yottapascal,Pa,pascal,1.0000000000000000E+24,pressure,M / L t^2,TRUE,
ZPa,,,zettapascal,Pa,pascal,1.0000000000000000E+21,pressure,M / L t^2,TRUE,
EPa,,,exapascal,Pa,pascal,1.0000000000000000E+18,pressure,M / L t^2,TRUE,
PPa,,,petapascal,Pa,pascal,1.0000000000000000E+15,pressure,M / L t^2,TRUE,
TPa,,,terapascal,Pa,pascal,1.0000000000000000E+12,pressure,M / L t^2,TRUE,
GPa,,,gigapascal,Pa,pascal,1.0000000000000000E+09,pressure,M / L t^2,TRUE,
MPa,,,megapascal,Pa,pascal,1.0000000000000000E+06,pressure,M / L t^2,TRUE,
kPa,,,kilopascal,Pa,pascal,1.0000000000000000E+03,pressure,M / L t^2,TRUE,
hPa,,,hectopascal,Pa,pascal,1.0000000000000000E+02,pressure,M / L t^2,TRUE,
daPa,,,decapascal,Pa,pascal,1.0000000000000000E+01,pressure,M / L t^2,TRUE,
Pa,,,pascal,Pa,pascal,1.0000000000000000E+00,pressure,M / L t^2,TRUE,
dPa,,,decipascal,Pa,pascal,1.0000000000000000E-01,pressure,M / L t^2,TRUE,
cPa,,,centipascal,Pa,pascal,1.0000000000000000E-02,pressure,M / L t^2,TRUE,
mPa,,,millipascal,Pa,pascal,1.0000000000000000E-03,pressure,M / L t^2,TRUE,
uPa,,,micropascal,Pa,pascal,1.0000000000000000E-06,pressure,M / L t^2,TRUE,
nPa,,,nanopascal,Pa,pascal,1.0000000000000000E-09,pressure,M / L t^2,TRUE,
pPa,,,picopascal,Pa,pascal,1.0000000000000000E-12,pressure,M / L t^2,TRUE,
fPa,,,femtopascal,Pa,pascal,1.0000000000000000E-15,pressure,M / L t^2,TRUE,
aPa,,,attopascal,Pa,pascal,1.0000000000000000E-18,pressure,M / L t^2,TRUE,
zPa,,,zeptopascal,Pa,pascal,1.0000000000000000E-21,pressure,M / L t^2,TRUE,
yPa,,,yoctopascal,Pa,pascal,1.0000000000000000E-24,pressure,M / L t^2,TRUE,
BTU,Btu,,British_thermal_unit_IT,N m,joule,1.0550558526200000E+03,energy,M L^2 / t^2,TRUE,
BTU_th,Btu_th,,British_thermal_unit_thermochemical,N m,joule,1.0543502644400000E+03,energy,M L^2 / t^2,TRUE,
BTU_m,Btu_m,,British_thermal_unit_(mean),N m,joule,1.0558700000000000E+03,energy,M L^2 / t^2,TRUE,
BTU_39,Btu_39,,British_thermal_unit_(39¯F),N m,joule,1.0596700000000000E+03,energy,M L^2 / t^2,TRUE,
BTU_59,Btu_59,,British_thermal_unit_(59¯F),N m,joule,1.0548040000000000E+03,energy,M L^2 / t^2,TRUE,
BTU_60,Btu_60,,British_thermal_unit_(60¯F),N m,joule,1.0546800000000000E+03,energy,M L^2 / t^2,TRUE,
therm,,,therm_(EC),N m,joule,1.0550558526200000E+08,energy,M L^2 / t^2,TRUE,
therm_us,,,therm_(US),N m,joule,1.0548040000000000E+08,energy,M L^2 / t^2,TRUE,
quad,,,quad,N m,joule,1.0550558526200000E+18,energy,M L^2 / t^2,TRUE,
quad_us,,,quad_(US),N m,joule,1.0596700000000000E+18,energy,M L^2 / t^3,TRUE,
cal,,,calorie_IT,N m,joule,4.1868000000000000E+00,energy,M L^2 / t^2,TRUE,
cal_th,,,calorie_th,N m,joule,4.1840000000000000E+00,energy,M L^2 / t^2,TRUE,
cal_m,,,calorie_(mean),N m,joule,4.1900200000000000E+00,energy,M L^2 / t^2,FALSE,
cal_15,,,calorie_(15¯C),N m,joule,4.1858000000000000E+00,energy,M L^2 / t^2,FALSE,
cal_20,,,calorie_(20¯C),N m,joule,4.1819000000000000E+00,energy,M L^2 / t^2,FALSE,
kcal,,,kilocalorie_IT,N m,joule,4.1868000000000000E+03,energy,M L^2 / t^2,TRUE,
kcal_th,,,kilocalorie_th,N m,joule,4.1840000000000000E+03,energy,M L^2 / t^2,TRUE,
kcal_m,,,kilocalorie_(mean),N m,joule,4.1900200000000000E+03,energy,M L^2 / t^2,TRUE,
eV,,,electron_volt,N m,joule,1.6021765650000000E-19,energy,M L^2 / t^2,TRUE,
erg,,,erg,N m,joule,1.0000000000000000E-07,energy,M L^2 / t^2,TRUE,
kW h,,,kilowatt_hour,N m,joule,3.6000000000000000E+06,energy,M L^2 / t^2,TRUE,
ton_tnt,,,ton_of_TNT,N m,joule,4.1840000000000000E+09,energy,M L^2 / t^2,TRUE,
YJ,,,yottajoule,N m,joule,1.0000000000000000E+24,energy,M L^2 / t^2,TRUE,
ZJ,,,zettajoule,N m,joule,1.0000000000000000E+21,energy,M L^2 / t^2,TRUE,
EJ,,,exajoule,N m,joule,1.0000000000000000E+18,energy,M L^2 / t^2,TRUE,
PJ,,,petajoule,N m,joule,1.0000000000000000E+15,energy,M L^2 / t^2,TRUE,
TJ,,,terajoule,N m,joule,1.0000000000000000E+12,energy,M L^2 / t^2,TRUE,
GJ,,,gigajoule,N m,joule,1.0000000000000000E+09,energy,M L^2 / t^2,TRUE,
MJ,,,megajoule,N m,joule,1.0000000000000000E+06,energy,M L^2 / t^2,TRUE,
kJ,,,kilojoule,N m,joule,1.0000000000000000E+03,energy,M L^2 / t^2,TRUE,
hJ,,,hectojoule,N m,joule,1.0000000000000000E+02,energy,M L^2 / t^2,TRUE,
daJ,,,decajoule,N m,joule,1.0000000000000000E+01,energy,M L^2 / t^2,TRUE,
J,,,joule,N m,joule,1.0000000000000000E+00,energy,M L^2 / t^2,TRUE,
dJ,,,decijoule,N m,joule,1.0000000000000000E-01,energy,M L^2 / t^2,TRUE,
cJ,,,centijoule,N m,joule,1.0000000000000000E-02,energy,M L^2 / t^2,TRUE,
mJ,,,millijoule,N m,joule,1.0000000000000000E-03,energy,M L^2 / t^2,TRUE,
uJ,,,microjoule,N m,joule,1.0000000000000000E-06,energy,M L^2 / t^2,TRUE,
nJ,,,nanojoule,N m,joule,1.0000000000000000E-09,energy,M L^2 / t^2,TRUE,
pJ,,,picojoule,N m,joule,1.0000000000000000E-12,energy,M L^2 / t^2,TRUE,
fJ,,,femtojoule,N m,joule,1.0000000000000000E-15,energy,M L^2 / t^2,TRUE,
aJ,,,attojoule,N m,joule,1.0000000000000000E-18,energy,M L^2 / t^2,TRUE,
zJ,,,zeptojoule,N m,joule,1.0000000000000000E-21,energy,M L^2 / t^2,TRUE,
yJ,,,yoctojoule,N m,joule,1.0000000000000000E-24,energy,M L^2 / t^2,TRUE,
hp,,,horsepower,N m/s,watt,7.4569987158227000E+02,power,M L^2 / t^3,TRUE,
YW,,,yottawatt,N m/s,watt,1.0000000000000000E+24,power,M L^2 / t^3,TRUE,
ZW,,,zettawatt,N m/s,watt,1.0000000000000000E+21,power,M L^2 / t^3,TRUE,
EW,,,exawatt,N m/s,watt,1.0000000000000000E+18,power,M L^2 / t^3,TRUE,
PW,,,petawatt,N m/s,watt,1.0000000000000000E+15,power,M L^2 / t^3,TRUE,
TW,,,terawatt,N m/s,watt,1.0000000000000000E+12,power,M L^2 / t^3,TRUE,
GW,,,gigawatt,N m/s,watt,1.0000000000000000E+09,power,M L^2 / t^3,TRUE,
MW,,,megawatt,N m/s,watt,1.0000000000000000E+06,power,M L^2 / t^3,TRUE,
kW,,,kilowatt,N m/s,watt,1.0000000000000000E+03,power,M L^2 / t^3,TRUE,
hW,,,hectowatt,N m/s,watt,1.0000000000000000E+02,power,M L^2 / t^3,TRUE,
daW,,,decawatt,N m/s,watt,1.0000000000000000E+01,power,M L^2 / t^3,TRUE,
W,,,watt,N m/s,watt,1.0000000000000000E+00,power,M L^2 / t^3,TRUE,
dW,,,deciwatt,N m/s,watt,1.0000000000000000E-01,power,M L^2 / t^3,TRUE,
cW,,,centiwatt,N m/s,watt,1.0000000000000000E-02,power,M L^2 / t^3,TRUE,
mW,,,milliwatt,N m/s,watt,1.0000000000000000E-03,power,M L^2 / t^3,TRUE,
uW,,,microwatt,N m/s,watt,1.0000000000000000E-06,power,M L^2 / t^3,TRUE,
nW,,,nanowatt,N m/s,watt,1.0000000000000000E-09,power,M L^2 / t^3,TRUE,
pW,,,picowatt,N m/s,watt,1.0000000000000000E-12,power,M L^2 / t^3,TRUE,
fW,,,femtowatt,N m/s,watt,1.0000000000000000E-15,power,M L^2 / t^3,TRUE,
aW,,,attowatt,N m/s,watt,1.0000000000000000E-18,power,M L^2 / t^3,TRUE,
zW,,,zeptowatt,N m/s,watt,1.0000000000000000E-21,power,M L^2 / t^3,TRUE,
yW,,,yoctowatt,N m/s,watt,1.0000000000000000E-24,power,M L^2 / t^3,TRUE,
abfarad ,,,abfarad,F,farad,1.0000000000000000E+09,capacitance,L,FALSE,
statfarad,,,ESU_of_capacitance_(statfarad),F,farad,1.1126500000000000E-12,capacitance,L,FALSE,
statfarad ,,,statfarad,F,farad,1.1126500000000000E-12,capacitance,L,FALSE,
abcoulomb ,,,abcoulomb,C,coulomb,1.0000000000000000E+01,charge,M^(1/2) L^(3/2) / t,FALSE,
amp hr,,,ampere_hour,C,coulomb,3.6000000000000000E+03,charge,M^(1/2) L^(3/2) / t,FALSE,
faraday,,,faraday_(based_on_carbon_12),C,coulomb,9.6485340000000000E+04,charge,M^(1/2) L^(3/2) / t,FALSE,
Fr,,,franklin,C,coulomb,3.3356410000000000E-10,charge,M^(1/2) L^(3/2) / t,FALSE,
statcoulomb ,,,statcoulomb,C,coulomb,3.3356410000000000E-10,charge,M^(1/2) L^(3/2) / t,FALSE,
abmho ,,,abmho,S,siemens,1.0000000000000000E+09,conductance,L / t,FALSE,
mho,,,mho,S,siemens,1.0000000000000000E+00,conductance,L / t,FALSE,
statmho ,,,statmho,S,siemens,1.1126500000000000E-12,conductance,L / t,FALSE,
abamp,,,abampere,A,ampere,1.0000000000000000E+01,current,M^(1/2) L^(3/2) / t^2,FALSE,
biot,,,biot,A,ampere,1.0000000000000000E+01,current,M^(1/2) L^(3/2) / t^2,FALSE,
statampere,,,ESU_of_current_(statampere),A,ampere,3.3356410000000000E-10,current,M^(1/2) L^(3/2) / t^2,FALSE,
Gi,,,gilbert,A,ampere,7.9577470000000000E-01,current,M^(1/2) L^(3/2) / t^2,FALSE,
statampere ,statamp,,statampere,A,ampere,3.3356410000000000E-10,current,M^(1/2) L^(3/2) / t^2,FALSE,
abhenry ,,,abhenry,H,henry,1.0000000000000000E-09,inductance,t^2/L,FALSE,
stathenry,,,ESU_of_inductance_(stathenry),H,henry,8.9875520000000000E+11,inductance,t^2 / L,FALSE,
stathenry ,,,stathenry,H,henry,8.9875520000000000E+11,inductance,t^2 / L,FALSE,
Oe,,,oersted,A/m,ampere per meter,7.9577470000000000E+01,magnetic field strength,M^(1/2) L^(1/2) / t^2,FALSE,
Mx,,,maxwell,Wb,weber,1.0000000000000000E-08,magnetic flux,M^(1/2) L^(1/2),FALSE,
unit_pole,,,unit_pole,Wb,weber,1.2566370000000000E-07,magnetic flux,M^(1/2) L^(1/2),FALSE,
?,,,gamma,T,tesla,1.0000000000000000E-09,magnetic flux density,M^(1/2) / L^(3/2),FALSE,
Gs,G,,gauss,T,tesla,1.0000000000000000E-04,magnetic flux density,M^(1/2) / L^(3/2),FALSE,
abvolt ,,,abvolt,V,volt,1.0000000000000000E-08,potential,M^(1/2) L^(1/2) / t,FALSE,
statvolt,,,ESU_of_electric_potential_(statvolt),V,volt,2.9979250000000000E+02,potential,M^(1/2) L^(1/2) / t,FALSE,
statvolt ,,,statvolt_,V,volt,2.9979250000000000E+02,potential,M^(1/2) L^(1/2) / t,FALSE,
abohm ,,,abohm_,Í,ohm,1.0000000000000000E-09,resistance,t / L,FALSE,
statohm,,,ESU_of_resistance_(statohm),Í,ohm,8.9875520000000000E+11,resistance,t / L,FALSE,
statohm ,,,statohm,Í,ohm,8.9875520000000000E+11,resistance,t / L,FALSE,
clo,,,clo_,m2 K/W,square meter kelvin per watt,1.5500000000000000E+01,thermal insulance,t^3 T / M,FALSE,
cd/in2,,,candela_per_square_inch,cd/m2,candela per square meter,1.5500030000000000E+09,luminance,J / L^2,FALSE,
fc,,,foot_candle,lx,lux,1.0763910000000000E+01,luminance,,FALSE,
fl,,,foot_lambert,cd/m2,candela per square meter,3.4262590000000000E+06,luminance,J / L^2,FALSE,
Lb,,,lambert,cd/m2,candela per square meter,3.1830990000000000E+09,luminance,J / L^2,FALSE,
lm/ft2,,,lumen_per_square_foot,lx,lux,1.0763910000000000E+01,luminance,J / L^2,FALSE,
ph,,,phot,lx,lux,1.0000000000000000E+04,luminance,J / L^2,FALSE,
cP,,,centipoise,Pa s,pascal second,1.0000000000000000E-03,dynamic viscosity,M / L t,FALSE,
P,,,poise,Pa s,pascal second,1.0000000000000000E-01,dynamic viscosity,M / L t,FALSE,
rhe,,,rhe_,1/Pa s,reciprocal pascal second),1.0000000000000000E+01,reciprocal dynamic viscosity,L t / M,FALSE,
YSt,,,yottastoke,m2/s,meter squared per second,0.0000000000000000E+00,kinematic viscosity,L^2 / t,TRUE,
ZSt,,,zettastoke,m2/s,meter squared per second,0.0000000000000000E+00,kinematic viscosity,L^2 / t,TRUE,
ESt,,,exastoke,m2/s,meter squared per second,0.0000000000000000E+00,kinematic viscosity,L^2 / t,TRUE,
PSt,,,petastoke,m2/s,meter squared per second,0.0000000000000000E+00,kinematic viscosity,L^2 / t,TRUE,
TSt,,,terastoke,m2/s,meter squared per second,0.0000000000000000E+00,kinematic viscosity,L^2 / t,TRUE,
GSt,,,gigastoke,m2/s,meter squared per second,0.0000000000000000E+00,kinematic viscosity,L^2 / t,TRUE,
MSt,,,megastoke,m2/s,meter squared per second,0.0000000000000000E+00,kinematic viscosity,L^2 / t,TRUE,
kSt,,,kilostoke,m2/s,meter squared per second,0.0000000000000000E+00,kinematic viscosity,L^2 / t,TRUE,
hSt,,,hectostoke,m2/s,meter squared per second,0.0000000000000000E+00,kinematic viscosity,L^2 / t,TRUE,
daSt,,,decastoke,m2/s,meter squared per second,0.0000000000000000E+00,kinematic viscosity,L^2 / t,TRUE,
St,,,stoke,m2/s,meter squared per second,1.0000000000000000E-04,kinematic viscosity,L^2 / t,TRUE,
dSt,,,decistoke,m2/s,meter squared per second,0.0000000000000000E+00,kinematic viscosity,L^2 / t,TRUE,
cSt,,,centistoke,m2/s,meter squared per second,0.0000000000000000E+00,kinematic viscosity,L^2 / t,TRUE,
mSt,,,millistoke,m2/s,meter squared per second,0.0000000000000000E+00,kinematic viscosity,L^2 / t,TRUE,
uSt,,,microstoke,m2/s,meter squared per second,0.0000000000000000E+00,kinematic viscosity,L^2 / t,TRUE,
nSt,,,nanostoke,m2/s,meter squared per second,0.0000000000000000E+00,kinematic viscosity,L^2 / t,TRUE,
pSt,,,picostoke,m2/s,meter squared per second,0.0000000000000000E+00,kinematic viscosity,L^2 / t,TRUE,
fSt,,,femtostoke,m2/s,meter squared per second,0.0000000000000000E+00,kinematic viscosity,L^2 / t,TRUE,
aSt,,,attostoke,m2/s,meter squared per second,0.0000000000000000E+00,kinematic viscosity,L^2 / t,TRUE,
zSt,,,zeptostoke,m2/s,meter squared per second,0.0000000000000000E+00,kinematic viscosity,L^2 / t,TRUE,
ySt,,,yoctostoke,m2/s,meter squared per second,0.0000000000000000E+00,kinematic viscosity,L^2 / t,TRUE,
GPM,gpm,,gallon_(US)_per_minute,m3/s,cubic meter per second,6.3090196400000000E-05,volume rate,L^3 / t,TRUE,
CFM,cfm,,cubic_feet_per_minute,m3/s,cubic meter per second,4.7194744320000000E-04,volume rate,L^3 / t,TRUE,
LPM,lpm,,cubic_feet_per_minute,m3/s,cubic meter per second,1.6666666666666700E-05,volume rate,L^3 / t,TRUE,
